# Abréviations autorisées pour les types de voie AFNOR XP Z 10-011
allee, all => allee, all
avenue, av => avenue, av
boulevard, bd => boulevard, bd
centre, ctre => centre, ctre
centre commercial, ccal => centre commercial, ccal
immeuble, immeubles, imm => immeuble, imm
impasse, imp => impasse, imp
lieu-dit, ld => lieu-dit, ld
lotissement, lot => lotissement, lot
passage, pas => passage, pas
place, pl => place, pl
residence, res => residence, res
rond-point, rpt => rond-point, rpt
route, rte => route, rte
square, sq => square, sq
village, vlge => village, vlge
zone d'activite, za => zone d'activite, za
zone d'amenagement concerte, zac => zone d'amenagement concerte, zac
zone d'amenagement differe, zad => zone d'amenagament differe, zad
zone industrielle, zi => zone industrielle, zi

# autres abréviations autorisées AFNOR XP Z 10-011
adjudant, adj => adjudant, adj
aerogare, aerg => aerogare, aerg
agence, agce => agence, agce
ancien, anciennement, anc => ancien, anc
appartement, appartements, app => appartement, app
arrondissement, arr => arrondissement, arr
atelier, at => atelier, at
baraquement, brq => baraquement, brq
batiment, batiments, bat => batiment, bat
bis, b => bis, b
boite postale, bp => boite postal, bp
cabinet, cab => cabinet, cab
canton, cantonal, cant => canton, cant
cardinal, cdl => cardinal, cdl
case postale, cp => case postale, cp
chambre, chbr => chambre, chbr
colonel, cnl => colonel, cnl
commune, communal, communaux, com => commune, com
croix, crx => croix, crx
delegation, deleg => delegation, deleg
departemental, departementaux, dep => departemental, departementaux, dep
division, div => division, div
docteur, dr => docteur, dr
ensemble, ens => ensemble, ens
entree, entrees, ent => entree, ent
etage, etg => etage, etg
foret, forestier, for => foret, forestier, for
francais, francaise, fr => francais, fr
general, gal => general, gal
grand, gd => grand, gd
grande, gde => grande, gde
grandes, gdes => grandes, gdes
grands, gds => grands, gds
haut, ht => haut, ht
haute, hte => haute, hte
hautes, htes => hautes, htes
hauts, hts => hauts, hts
international, internationale, intern => international, intern
laboratoire, labo => laboratoire, labo
magasin, mag => magasin, mag
maison, mais => maison, mais
medecin, medical, med => medecin, medical, med
municipal, mun => municipal, mun
national, nal => national, nal
nouveau, nouvelle, nouv => nouveau, nouv
petit, pt => petit, pt
petite, pte => petite, pte
petites, ptes => petites, ptes
petits, pts => petits, pts
quater, q => quater, q
quinquies, c => quinquies, c
region, regional, reg => region, reg
saint, st => saint, st
sainte, ste => sainte, ste
saintes, stes => saintes, stes
saints, sts => saints, sts
ter, t => ter, t
tri service arrivee, tsa => tri service arrivee, tsa